{"cameraMode":{"drawMode":0,"name":"Shaded","section":"Shading Mode"},"sceneLighting":false,"audioPlay":false,"sceneViewState":{"m_AlwaysRefresh":false,"showFog":true,"showSkybox":false,"showFlares":true,"showImageEffects":true,"showParticleSystems":true,"showVisualEffectGraphs":true,"m_FxEnabled":true},"in2DMode":false,"pivot":{"x":-0.1600186824798584,"y":0.6424813270568848,"z":-0.08965611457824707},"rotation":{"x":0.22972163558006288,"y":-0.01605783775448799,"z":0.003790741553530097,"w":0.9731165170669556},"size":5.3731770515441898,"orthographic":false}